{
  "detection": {
    "prec": 0.9985704074338814,
    "rec": 0.9985704074338814,
    "f1": 0.9985704074338814
  },
  "selection": {
    "prec": 0.5477799469389798,
    "rec": 0.9299736551372483,
    "f1": 0.689453125,
    "em_acc": 0.2819414703783012
  },
  "generation": {
    "bleu": 0.09058772404654519,
    "meteor": 0.169224259523388,
    "rouge_1": 0.3386174987026521,
    "rouge_2": 0.13434335323915983,
    "rouge_l": 0.26388406825785404
  }
}