{
  "detection": {
    "prec": 0.9985704074338814,
    "rec": 0.9985704074338814,
    "f1": 0.9985704074338814
  },
  "selection": {
    "prec": 0.7537958420929689,
    "rec": 0.8227245687091017,
    "f1": 0.7867533522958148,
    "em_acc": 0.4291324526954659
  },
  "generation": {
    "bleu": 0.06259215045952653,
    "meteor": 0.177371232520447,
    "rouge_1": 0.33656294039034984,
    "rouge_2": 0.11796977534215948,
    "rouge_l": 0.24437830632632468
  }
}