{
  "detection": {
    "prec": 0.9985704074338814,
    "rec": 0.9985704074338814,
    "f1": 0.9985704074338814
  },
  "selection": {
    "prec": 0.7537958420929689,
    "rec": 0.8227245687091017,
    "f1": 0.7867533522958148,
    "em_acc": 0.4291324526954659
  },
  "generation": {
    "bleu": 0.09612745946015469,
    "meteor": 0.17153188343610223,
    "rouge_1": 0.3571599669694349,
    "rouge_2": 0.14665267793775216,
    "rouge_l": 0.27977453689478565
  }
}