{
  "detection": {
    "prec": 0.9964323938637174,
    "rec": 0.9982130092923517,
    "f1": 0.9973219068023566
  },
  "selection": {
    "prec": 0.8340923877683799,
    "rec": 0.8715900399422113,
    "f1": 0.8524290404355234,
    "em_acc": 0.6566951566951567
  },
  "generation": {
    "bleu": 0.1024262774726794,
    "meteor": 0.18262540196799926,
    "rouge_1": 0.3637516628642476,
    "rouge_2": 0.1524413012610557,
    "rouge_l": 0.28677463347095744
  }
}