{
  "detection": {
    "prec": 0.9964323938637174,
    "rec": 0.9982130092923517,
    "f1": 0.9973219068023566
  },
  "selection": {
    "prec": 0.8589942975635044,
    "rec": 0.8449052434775218,
    "f1": 0.8518915213572683,
    "em_acc": 0.6431623931623932
  },
  "generation": {
    "bleu": 0.10814738574694328,
    "meteor": 0.18194282794412933,
    "rouge_1": 0.3651847045062412,
    "rouge_2": 0.15276357086881726,
    "rouge_l": 0.2872477048023455
  }
}