{
  "detection": {
    "prec": 0.9964323938637174,
    "rec": 0.9982130092923517,
    "f1": 0.9973219068023566
  },
  "selection": {
    "prec": 0.851062036412677,
    "rec": 0.8580776748534036,
    "f1": 0.8545554568152003,
    "em_acc": 0.6474358974358975
  },
  "generation": {
    "bleu": 0.10170313785656852,
    "meteor": 0.18298886062758418,
    "rouge_1": 0.36301205613282755,
    "rouge_2": 0.15303473229423162,
    "rouge_l": 0.28703856053907667
  }
}