{
  "detection": {
    "prec": 0.9964323938637174,
    "rec": 0.9982130092923517,
    "f1": 0.9973219068023566
  },
  "selection": {
    "prec": 0.8589942975635044,
    "rec": 0.8449052434775218,
    "f1": 0.8518915213572683,
    "em_acc": 0.6431623931623932
  },
  "generation": {
    "bleu": 0.10172021093257413,
    "meteor": 0.18192409455927397,
    "rouge_1": 0.36182769638954276,
    "rouge_2": 0.15141997214455616,
    "rouge_l": 0.28645421189653164
  }
}