{
  "detection": {
    "prec": 0.9964323938637174,
    "rec": 0.9982130092923517,
    "f1": 0.9973219068023566
  },
  "selection": {
    "prec": 0.8589942975635044,
    "rec": 0.8449052434775218,
    "f1": 0.8518915213572683,
    "em_acc": 0.6431623931623932
  },
  "generation": {
    "bleu": 0.09308741999974608,
    "meteor": 0.1839795504547088,
    "rouge_1": 0.35909471709865787,
    "rouge_2": 0.1483826249969241,
    "rouge_l": 0.28077987209895305
  }
}