{
  "detection": {
    "prec": 0.9982123703968537,
    "rec": 0.997855611150822,
    "f1": 0.9980339588918679
  },
  "selection": {
    "prec": 0.7901287187793027,
    "rec": 0.7877113962777258,
    "f1": 0.7889182058047494,
    "em_acc": 0.3905747947161728
  },
  "generation": {
    "bleu": 0.10043033494123692,
    "meteor": 0.17481554171897049,
    "rouge_1": 0.35198623186744454,
    "rouge_2": 0.14295629115203046,
    "rouge_l": 0.2752605706967929
  }
}