{
  "detection": {
    "prec": 0.997855611150822,
    "rec": 0.997855611150822,
    "f1": 0.997855611150822
  },
  "selection": {
    "prec": 0.8238533689011273,
    "rec": 0.8136313418883317,
    "f1": 0.818710449803318,
    "em_acc": 0.512665001783803
  },
  "generation": {
    "bleu": 0.09511206095131529,
    "meteor": 0.17369437617166353,
    "rouge_1": 0.3518070940847518,
    "rouge_2": 0.1378605085140398,
    "rouge_l": 0.27052695861890796
  }
}