{
  "detection": {
    "prec": 0.9967880085653105,
    "rec": 0.9982130092923517,
    "f1": 0.9974999999999999
  },
  "selection": {
    "prec": 0.6650415074449861,
    "rec": 0.8578227245687091,
    "f1": 0.7492299127853034,
    "em_acc": 0.40413399857448323
  },
  "generation": {
    "bleu": 0.0945689533945307,
    "meteor": 0.16678302332011194,
    "rouge_1": 0.340816628014796,
    "rouge_2": 0.13658314036191557,
    "rouge_l": 0.26665213024211554
  }
}