{
  "detection": {
    "prec": 0.9978563772775991,
    "rec": 0.9982130092923517,
    "f1": 0.9980346614257638
  },
  "selection": {
    "prec": 0.8240151384827111,
    "rec": 0.8141412424577208,
    "f1": 0.8190484332920104,
    "em_acc": 0.5130217623974314
  },
  "generation": {
    "bleu": 0.10291118553699517,
    "meteor": 0.17638172064224505,
    "rouge_1": 0.358711628955722,
    "rouge_2": 0.1479337927363981,
    "rouge_l": 0.28224330836204287
  }
}