{
  "detection": {
    "prec": 0.9978563772775991,
    "rec": 0.9982130092923517,
    "f1": 0.9980346614257638
  },
  "selection": {
    "prec": 0.8240151384827111,
    "rec": 0.8141412424577208,
    "f1": 0.8190484332920104,
    "em_acc": 0.5130217623974314
  },
  "generation": {
    "bleu": 0.044478406302758886,
    "meteor": 0.1138914412966549,
    "rouge_1": 0.28007009308191994,
    "rouge_2": 0.10462333845432713,
    "rouge_l": 0.22759480249756042
  }
}