{
  "detection": {
    "prec": 0.9950142450142451,
    "rec": 0.9985704074338814,
    "f1": 0.9967891544773457
  },
  "selection": {
    "prec": 0.7955358664167661,
    "rec": 0.793575252825699,
    "f1": 0.7945543501382684,
    "em_acc": 0.41773504273504275
  },
  "generation": {
    "bleu": 0.10353822848098965,
    "meteor": 0.17914722815975276,
    "rouge_1": 0.3597962453732549,
    "rouge_2": 0.14731318736716295,
    "rouge_l": 0.2811653569623499
  }
}