{
  "detection": {
    "prec": 0.9957219251336898,
    "rec": 0.9982130092923517,
    "f1": 0.9969659111190433
  },
  "selection": {
    "prec": 0.7714560461575447,
    "rec": 0.818135463584601,
    "f1": 0.7941103687206137,
    "em_acc": 0.42332382310984307
  },
  "generation": {
    "bleu": 0.060323436312982565,
    "meteor": 0.12109509343503332,
    "rouge_1": 0.24093812500068323,
    "rouge_2": 0.08730896734582051,
    "rouge_l": 0.18590046607600882
  }
}