{
  "detection": {
    "prec": 0.9950142450142451,
    "rec": 0.9985704074338814,
    "f1": 0.9967891544773457
  },
  "selection": {
    "prec": 0.7955358664167661,
    "rec": 0.793575252825699,
    "f1": 0.7945543501382684,
    "em_acc": 0.41773504273504275
  },
  "generation": {
    "bleu": 0.0940989548654431,
    "meteor": 0.181432377362801,
    "rouge_1": 0.35566809765913737,
    "rouge_2": 0.14576862763515838,
    "rouge_l": 0.27885879997340135
  }
}