{
  "detection": {
    "prec": 0.9989270386266095,
    "rec": 0.9982130092923517,
    "f1": 0.998569896317483
  },
  "selection": {
    "prec": 0.606328683225587,
    "rec": 0.6057618764340954,
    "f1": 0.60604514730264,
    "em_acc": 0.19035714285714286
  },
  "generation": {
    "bleu": 0.09827978788725375,
    "meteor": 0.15976706930246753,
    "rouge_1": 0.33182160191400556,
    "rouge_2": 0.13754651327974873,
    "rouge_l": 0.26928511108575026
  }
}