{
  "detection": {
    "prec": 0.9989270386266095,
    "rec": 0.9982130092923517,
    "f1": 0.998569896317483
  },
  "selection": {
    "prec": 0.606328683225587,
    "rec": 0.6057618764340954,
    "f1": 0.60604514730264,
    "em_acc": 0.19035714285714286
  },
  "generation": {
    "bleu": 0.09624032002409291,
    "meteor": 0.16072947121293074,
    "rouge_1": 0.3309036497676748,
    "rouge_2": 0.13181740640608383,
    "rouge_l": 0.2629204941941977
  }
}