{
  "detection": {
    "prec": 0.9989270386266095,
    "rec": 0.9982130092923517,
    "f1": 0.998569896317483
  },
  "selection": {
    "prec": 0.6539532007009586,
    "rec": 0.5391348687006033,
    "f1": 0.5910191913545741,
    "em_acc": 0.30714285714285716
  },
  "generation": {
    "bleu": 0.09336747980585638,
    "meteor": 0.1617990727699252,
    "rouge_1": 0.3332572977855345,
    "rouge_2": 0.1295969398612386,
    "rouge_l": 0.2621928953695368
  }
}