{
  "detection": {
    "prec": 0.9985683607730852,
    "rec": 0.9971408148677627,
    "f1": 0.997854077253219
  },
  "selection": {
    "prec": 0.7566513224623547,
    "rec": 0.8241692869890371,
    "f1": 0.7889684347543119,
    "em_acc": 0.39664405569439487
  },
  "generation": {
    "bleu": 0.08301944151856096,
    "meteor": 0.1600382788504971,
    "rouge_1": 0.33332155938474944,
    "rouge_2": 0.12859480893475886,
    "rouge_l": 0.26382617401761443
  }
}