{
  "detection": {
    "prec": 0.9967925873129009,
    "rec": 0.9996426018584703,
    "f1": 0.9982155603140613
  },
  "selection": {
    "prec": 0.7711771977023195,
    "rec": 0.9013342398232345,
    "f1": 0.8311912225705329,
    "em_acc": 0.5538132573057734
  },
  "generation": {
    "bleu": 0.10045554427263016,
    "meteor": 0.18861454921179052,
    "rouge_1": 0.3617375527754671,
    "rouge_2": 0.14641538342956223,
    "rouge_l": 0.27936648833949657
  }
}