{
  "detection": {
    "prec": 0.9967925873129009,
    "rec": 0.9996426018584703,
    "f1": 0.9982155603140613
  },
  "selection": {
    "prec": 0.8039398894339329,
    "rec": 0.8774538964901845,
    "f1": 0.8390898008939457,
    "em_acc": 0.5547237076648841
  },
  "generation": {
    "bleu": 0.10173552659596856,
    "meteor": 0.18935618178052888,
    "rouge_1": 0.36294526118883674,
    "rouge_2": 0.1477720298604739,
    "rouge_l": 0.28039977146484235
  }
}