{
  "detection": {
    "prec": 0.9967925873129009,
    "rec": 0.9996426018584703,
    "f1": 0.9982155603140613
  },
  "selection": {
    "prec": 0.7607449856733525,
    "rec": 0.9025240078184754,
    "f1": 0.8255917907256968,
    "em_acc": 0.5384889522451889
  },
  "generation": {
    "bleu": 0.10078599452687106,
    "meteor": 0.18894272923469965,
    "rouge_1": 0.3616120716065222,
    "rouge_2": 0.14668323146655923,
    "rouge_l": 0.2781649848691553
  }
}