{
  "detection": {
    "prec": 0.9995355318160706,
    "rec": 0.7691208005718371,
    "f1": 0.8693193294283983
  },
  "selection": {
    "prec": 0.8384940966807752,
    "rec": 0.6397552477266933,
    "f1": 0.725765244637262,
    "em_acc": 0.38728117184708827
  },
  "generation": {
    "bleu": 0.0730680019494204,
    "meteor": 0.14784072890635902,
    "rouge_1": 0.30456777228271925,
    "rouge_2": 0.11517619622121483,
    "rouge_l": 0.23203481159959505
  }
}