{
  "detection": {
    "prec": 0.9995355318160706,
    "rec": 0.7691208005718371,
    "f1": 0.8693193294283983
  },
  "selection": {
    "prec": 0.8384940966807752,
    "rec": 0.6397552477266933,
    "f1": 0.725765244637262,
    "em_acc": 0.38728117184708827
  },
  "generation": {
    "bleu": 0.08562929411081992,
    "meteor": 0.14729223938699734,
    "rouge_1": 0.3050801133322717,
    "rouge_2": 0.12033471964735197,
    "rouge_l": 0.2370891215713405
  }
}