{
  "detection": {
    "prec": 0.9995355318160706,
    "rec": 0.7691208005718371,
    "f1": 0.8693193294283983
  },
  "selection": {
    "prec": 0.8384940966807752,
    "rec": 0.6397552477266933,
    "f1": 0.725765244637262,
    "em_acc": 0.38728117184708827
  },
  "generation": {
    "bleu": 0.07879132061731976,
    "meteor": 0.15315270874519704,
    "rouge_1": 0.3140694498347285,
    "rouge_2": 0.12328304033998683,
    "rouge_l": 0.24055698505829035
  }
}