{
  "detection": {
    "prec": 0.9982136477313326,
    "rec": 0.9985704074338814,
    "f1": 0.9983919957119884
  },
  "selection": {
    "prec": 0.8182866556836903,
    "rec": 0.8442253760516699,
    "f1": 0.831053666290208,
    "em_acc": 0.48946804712602643
  },
  "generation": {
    "bleu": 0.10034527593505663,
    "meteor": 0.17308972392212651,
    "rouge_1": 0.35104345639662315,
    "rouge_2": 0.142201272506334,
    "rouge_l": 0.27373143733253996
  }
}