{
  "detection": {
    "prec": 0.9982136477313326,
    "rec": 0.9985704074338814,
    "f1": 0.9983919957119884
  },
  "selection": {
    "prec": 0.783147753297007,
    "rec": 0.8427806577717345,
    "f1": 0.8118706508391322,
    "em_acc": 0.493576017130621
  },
  "generation": {
    "bleu": 0.06388361544635589,
    "meteor": 0.16123496856373068,
    "rouge_1": 0.35256035359473953,
    "rouge_2": 0.14409235299075002,
    "rouge_l": 0.2749374646264599
  }
}