{
  "detection": {
    "prec": 0.9982136477313326,
    "rec": 0.9985704074338814,
    "f1": 0.9983919957119884
  },
  "selection": {
    "prec": 0.8320014051110916,
    "rec": 0.8051329990651823,
    "f1": 0.8183467219486914,
    "em_acc": 0.46126383434487683
  },
  "generation": {
    "bleu": 0.0956579984338782,
    "meteor": 0.16618312714672742,
    "rouge_1": 0.3401581443917736,
    "rouge_2": 0.13117889065598984,
    "rouge_l": 0.2630822593993342
  }
}