{
  "detection": {
    "prec": 0.9982136477313326,
    "rec": 0.9985704074338814,
    "f1": 0.9983919957119884
  },
  "selection": {
    "prec": 0.8320014051110916,
    "rec": 0.8051329990651823,
    "f1": 0.8183467219486914,
    "em_acc": 0.46126383434487683
  },
  "generation": {
    "bleu": 0.06360772984791782,
    "meteor": 0.15920491941739615,
    "rouge_1": 0.3505053310063095,
    "rouge_2": 0.14298022534444857,
    "rouge_l": 0.2748457566328739
  }
}