{
  "detection": {
    "prec": 0.9982136477313326,
    "rec": 0.9985704074338814,
    "f1": 0.9983919957119884
  },
  "selection": {
    "prec": 0.7413501460864217,
    "rec": 0.8194102150080734,
    "f1": 0.7784281273967627,
    "em_acc": 0.40414137807925743
  },
  "generation": {
    "bleu": 0.0629463228184403,
    "meteor": 0.15960011321113454,
    "rouge_1": 0.3496189716122523,
    "rouge_2": 0.14230419806299688,
    "rouge_l": 0.27347005849991535
  }
}