{
  "detection": {
    "prec": 0.9976851851851852,
    "rec": 0.770192994996426,
    "f1": 0.8693021379588544
  },
  "selection": {
    "prec": 0.7871916823360248,
    "rec": 0.6048270587235489,
    "f1": 0.6840638216070742,
    "em_acc": 0.3089546914020692
  },
  "generation": {
    "bleu": 0.08728055785852408,
    "meteor": 0.1511779349704869,
    "rouge_1": 0.3060813538054137,
    "rouge_2": 0.12480652426766388,
    "rouge_l": 0.2400413409160427
  }
}