{
  "detection": {
    "prec": 0.9985678481919084,
    "rec": 0.996783416726233,
    "f1": 0.9976748345555356
  },
  "selection": {
    "prec": 0.7861488457371447,
    "rec": 0.801648678507691,
    "f1": 0.7938231086425985,
    "em_acc": 0.40964285714285714
  },
  "generation": {
    "bleu": 0.09856535472356573,
    "meteor": 0.17131347109361705,
    "rouge_1": 0.3482846367551636,
    "rouge_2": 0.14011984514505413,
    "rouge_l": 0.2714096435212944
  }
}