{
  "detection": {
    "prec": 0.9985678481919084,
    "rec": 0.996783416726233,
    "f1": 0.9976748345555356
  },
  "selection": {
    "prec": 0.7740621156211562,
    "rec": 0.8556981388629217,
    "f1": 0.8128355196770939,
    "em_acc": 0.4675
  },
  "generation": {
    "bleu": 0.09626723172482826,
    "meteor": 0.17189054916727808,
    "rouge_1": 0.34703683632028287,
    "rouge_2": 0.1379327181511477,
    "rouge_l": 0.2691633649279964
  }
}