{
  "detection": {
    "prec": 0.9985678481919084,
    "rec": 0.996783416726233,
    "f1": 0.9976748345555356
  },
  "selection": {
    "prec": 0.6494832124285806,
    "rec": 0.8597773434180335,
    "f1": 0.739979520187244,
    "em_acc": 0.4214846538187009
  },
  "generation": {
    "bleu": 0.09386173110287832,
    "meteor": 0.1669382175436921,
    "rouge_1": 0.3391073194801601,
    "rouge_2": 0.13353451851713072,
    "rouge_l": 0.264604804586969
  }
}