{
  "detection": {
    "prec": 0.9978579078900393,
    "rec": 0.998927805575411,
    "f1": 0.9983925701018039
  },
  "selection": {
    "prec": 0.785559986706547,
    "rec": 0.8035183139287839,
    "f1": 0.7944376759232029,
    "em_acc": 0.4182726623840114
  },
  "generation": {
    "bleu": 0.09311908473746178,
    "meteor": 0.1755823469679102,
    "rouge_1": 0.3649762863529995,
    "rouge_2": 0.14940423452500629,
    "rouge_l": 0.28673071974034214
  }
}