{
  "detection": {
    "prec": 0.9978579078900393,
    "rec": 0.998927805575411,
    "f1": 0.9983925701018039
  },
  "selection": {
    "prec": 0.785559986706547,
    "rec": 0.8035183139287839,
    "f1": 0.7944376759232029,
    "em_acc": 0.4182726623840114
  },
  "generation": {
    "bleu": 0.10663546756897078,
    "meteor": 0.17481782252671185,
    "rouge_1": 0.359936104109385,
    "rouge_2": 0.15767703558700175,
    "rouge_l": 0.28992507399949463
  }
}