{
  "detection": {
    "prec": 0.9978579078900393,
    "rec": 0.998927805575411,
    "f1": 0.9983925701018039
  },
  "selection": {
    "prec": 0.8096172718351324,
    "rec": 0.8413359394917991,
    "f1": 0.825171910814753,
    "em_acc": 0.5210413694721826
  },
  "generation": {
    "bleu": 0.09585892544411492,
    "meteor": 0.1804687082291274,
    "rouge_1": 0.3552031115065418,
    "rouge_2": 0.1450377759190828,
    "rouge_l": 0.2783998603247692
  }
}