{
  "detection": {
    "prec": 0.9978586723768736,
    "rec": 0.9992852037169406,
    "f1": 0.9985714285714284
  },
  "selection": {
    "prec": 0.8183304717521053,
    "rec": 0.850599133169032,
    "f1": 0.8341528460705058,
    "em_acc": 0.5313837375178316
  },
  "generation": {
    "bleu": 0.10747814475295461,
    "meteor": 0.1743771133742458,
    "rouge_1": 0.35851238796889495,
    "rouge_2": 0.14591772088250363,
    "rouge_l": 0.2793915761043494
  }
}