{
  "detection": {
    "prec": 0.9978579078900393,
    "rec": 0.998927805575411,
    "f1": 0.9983925701018039
  },
  "selection": {
    "prec": 0.8096172718351324,
    "rec": 0.8413359394917991,
    "f1": 0.825171910814753,
    "em_acc": 0.5210413694721826
  },
  "generation": {
    "bleu": 0.08965298207558321,
    "meteor": 0.1743558553116951,
    "rouge_1": 0.3590918283999151,
    "rouge_2": 0.1458394659109244,
    "rouge_l": 0.2839761389272286
  }
}