{
  "detection": {
    "prec": 0.9978586723768736,
    "rec": 0.9992852037169406,
    "f1": 0.9985714285714284
  },
  "selection": {
    "prec": 0.8183304717521053,
    "rec": 0.850599133169032,
    "f1": 0.8341528460705058,
    "em_acc": 0.5313837375178316
  },
  "generation": {
    "bleu": 0.1050021666416961,
    "meteor": 0.17743184725539174,
    "rouge_1": 0.36173603996364356,
    "rouge_2": 0.14735154055668281,
    "rouge_l": 0.28054711060931614
  }
}