{
  "detection": {
    "prec": 0.9978579078900393,
    "rec": 0.998927805575411,
    "f1": 0.9983925701018039
  },
  "selection": {
    "prec": 0.8096172718351324,
    "rec": 0.8413359394917991,
    "f1": 0.825171910814753,
    "em_acc": 0.5210413694721826
  },
  "generation": {
    "bleu": 0.10472285387908575,
    "meteor": 0.17638054733628394,
    "rouge_1": 0.36032967554915246,
    "rouge_2": 0.1463217083767148,
    "rouge_l": 0.2800947486355599
  }
}