{
  "detection": {
    "prec": 0.9939523301316258,
    "rec": 0.9985704074338814,
    "f1": 0.9962560171153504
  },
  "selection": {
    "prec": 0.8093487394957983,
    "rec": 0.7857567774284014,
    "f1": 0.7973782933034367,
    "em_acc": 0.41563055062166965
  },
  "generation": {
    "bleu": 0.10500775180590743,
    "meteor": 0.16906271130794864,
    "rouge_1": 0.3472022734137167,
    "rouge_2": 0.14660275918570495,
    "rouge_l": 0.2792812764058823
  }
}