{
  "detection": {
    "prec": 0.9939523301316258,
    "rec": 0.9985704074338814,
    "f1": 0.9962560171153504
  },
  "selection": {
    "prec": 0.8093487394957983,
    "rec": 0.7857567774284014,
    "f1": 0.7973782933034367,
    "em_acc": 0.41563055062166965
  },
  "generation": {
    "bleu": 0.09841204545177215,
    "meteor": 0.17736424878831153,
    "rouge_1": 0.365757042048007,
    "rouge_2": 0.15086464485937426,
    "rouge_l": 0.28754219127163516
  }
}