{
  "detection": {
    "prec": 0.9939523301316258,
    "rec": 0.9985704074338814,
    "f1": 0.9962560171153504
  },
  "selection": {
    "prec": 0.8093487394957983,
    "rec": 0.7857567774284014,
    "f1": 0.7973782933034367,
    "em_acc": 0.41563055062166965
  },
  "generation": {
    "bleu": 0.10240446237360358,
    "meteor": 0.1776223726280943,
    "rouge_1": 0.36334149813945366,
    "rouge_2": 0.15081644610268755,
    "rouge_l": 0.286493668723885
  }
}